,COMM_NUM,SHAPE_AREA,SHAPE_LEN,lat,lon,Sector,CNAME_E,CNAME_A,Pop2017,Pop2018,Pop2019,Pop2019density,PopGrowth19by18,PopGrowthbinned,PopDensitybinned,Counter
0,333,1984700.5385,7946.07017526,25.225314485137428,55.26876791959561,Sector 3,AL BADA,البدع,51467.0,54338.0,56734.0,28585.672699458482,4.409437226250512,2 < x <= 20,10k < x <= 50k,1
1,121,870784.242915,5165.84244281,25.287165198538126,55.31795849261025,Sector 1,CORNICHE DEIRA,كورنيش ديرة,14.0,14.0,14.0,16.077461338912382,0.0,-2 < x <=2,10 < x <1000,1
2,282,12694068.2779,14582.3515084,25.230697292837977,55.52122196129359,Sector 2,AL KHAWANEEJ TWO,الخوانيج الثانية,2786.0,3865.0,4523.0,356.3081512547408,17.02457956015524,2 < x <= 20,10 < x <1000,1
3,353,2430428.562,6705.66287921,25.17569041910985,55.238309272451104,Sector 3,AL SAFFA FIRST,الصفا الأولى,7540.0,7893.0,8514.0,3503.085889096789,7.8677309007981755,2 < x <= 20,1000 < x <= 10k,1
4,736,13058825.2473,15567.139691299999,25.024015384919156,55.64657367563999,Sector 7,NAZWAH,نزوه,450.0,504.0,544.0,41.65765217759351,7.9365079365079305,2 < x <= 20,10 < x <1000,1
5,216,4840781.4835,10171.5698877,25.22410313277338,55.3916478221596,Sector 2,AL RASHIDIYA,الراشدية,33719.0,34594.0,37167.0,7677.892531750344,7.437705960571206,2 < x <= 20,1000 < x <= 10k,1
6,358,2423039.425,6233.69927577,25.159822040443157,55.241396668366015,Sector 3,AL GOZE THIRD,القوز الثالثة,40525.0,40541.0,40553.0,16736.417732864582,0.0295996645371277,-2 < x <=2,10k < x <= 50k,1
7,615,7486459.441000001,11383.6411366,25.159072824790503,55.34775263831915,Sector 6,NAD AL SHIBBA SECOND,ند الشبا الثانية,2175.0,2258.0,2389.0,319.10945605562387,5.801594331266613,2 < x <= 20,10 < x <1000,1
8,354,3571186.69661,7680.81990859,25.168533005001546,55.25346460436119,Sector 3,AL GOZE FIRST,القوز الأولى,15665.0,18845.0,20154.0,5643.502205900205,6.946139559564868,2 < x <= 20,1000 < x <= 10k,1
9,516,30005970.4003,22793.0909015,24.92075970931224,55.05716138638825,Sector 5,JABAL ALI INDUSTRIAL THIRD,جبل علي الصناعية الثالثة ,2462.0,2462.0,2462.0,82.05033755466829,0.0,-2 < x <=2,10 < x <1000,1
10,234,2258170.4695,6194.42444522,25.261675429732232,55.40029352938297,Sector 2,AL QUSAIS THIRD,القصيص الثالثة,6480.0,6812.0,7162.0,3171.5940389503885,5.137991779213147,2 < x <= 20,1000 < x <= 10k,1
11,318,2106964.37598,6088.77399116,25.24497982690331,55.30471995120672,Sector 3,AL KARAMA,الكرامة,69095.0,70558.0,75066.0,35627.56013142604,6.389069984976903,2 < x <= 20,10k < x <= 50k,1
12,931,112688806.315,41997.2953644,24.91857519840954,55.44470040156468,Sector 9,AL LESAILY,الليسيلي,2514.0,2633.0,2856.0,25.34413215822518,8.469426509684762,2 < x <= 20,10 < x <1000,1
13,303,74099957.5171,32221.3504001,25.22992131774482,55.160585674900204,Sector 3,WORLD ISLANDS,جزر العالم,4.0,7.0,7.0,0.09446699073187206,0.0,-2 < x <=2,0< x <= 10 ,1
14,122,1025324.6945,4621.82652981,25.281167868610755,55.3195487180341,Sector 1,AL BARAHA,البراحة,23838.0,24373.0,24747.0,24135.769022970704,1.534484880810738,-2 < x <=2,10k < x <= 50k,1
15,127,1750611.051,5474.30599264,25.276910894112806,55.3367821954872,Sector 1,HOR AL ANZ,هورالعنز,79735.0,81741.0,83187.0,47518.83632431154,1.7690020919734373,-2 < x <=2,10k < x <= 50k,1
16,125,806583.6038800001,4027.39778405,25.258670218090238,55.31917927869336,Sector 1,REGA AL BUTEEN,رقة البطين,6690.0,6984.0,7120.0,8827.355237262276,1.9473081328751363,-2 < x <=2,1000 < x <= 10k,1
17,727,26514742.7549,20781.795767099997,25.11862295874434,55.62329665240532,Sector 7,AL WOHOOSH,الوحوش,45.0,46.0,46.0,1.7348838880022348,0.0,-2 < x <=2,0< x <= 10 ,1
18,284,3294483.57255,12793.4547802,25.238229521568414,55.54546189773858,Sector 2,AL TTAY,الطي,805.0,805.0,810.0,245.8655452857647,0.6211180124223503,-2 < x <=2,10 < x <1000,1
19,132,1432349.2119999998,4851.15617495,25.291073026157047,55.336863233514954,Sector 1,AL WAHEDA,الوحيدة,19388.0,20392.0,20785.0,14511.126075866478,1.9272263632797104,-2 < x <=2,10k < x <= 50k,1
20,247,727747.056,3551.17537594,25.29351412605136,55.40028348576715,Sector 2,AL QUSAIS IND. FOURTH,القصيص الصناعية الرابعة,2188.0,2476.0,2709.0,3722.447212483124,9.410339256865917,2 < x <= 20,1000 < x <= 10k,1
21,812,11490135.9469,16051.719675,25.126032959813763,55.43126730213949,Sector 8,AL ROWAIYAH FIRST,الرويه الأولى,2696.0,2923.0,3127.0,272.1464754160419,6.979131029763952,2 < x <= 20,10 < x <1000,1
22,612,2645376.794,6662.084786,25.17775968115693,55.33866975183402,Sector 6,RAS AL KHOR IND. FIRST,رأس الخور الصناعية الأولى,2201.0,2393.0,2550.0,963.9458567050542,6.560802340158789,2 < x <= 20,10 < x <1000,1
23,945,140532310.506,64809.924646800006,24.73440662747079,55.55226029641804,Sector 9,AL FAGAA',الفقع,374.0,395.0,417.0,2.967289148655933,5.569620253164564,2 < x <= 20,0< x <= 10 ,1
24,134,5798825.86231,19110.862253400002,25.302069837270366,55.3490920489699,Sector 1,AL MAMZER,الممزر,13218.0,14178.0,14938.0,2576.038728303759,5.360417548314289,2 < x <= 20,1000 < x <= 10k,1
25,126,1273818.633,4637.54198399,25.28543748420701,55.329340660025814,Sector 1,ABU HAIL,ابو هيل,15878.0,16905.0,17240.0,13534.108823167137,1.9816622301094267,-2 < x <=2,10k < x <= 50k,1
26,245,2323827.2415,6776.960211300001,25.279124573727607,55.40894343207997,Sector 2,MUHAISANAH FOURTH,محيصنة الرابعة,27848.0,32346.0,34947.0,15038.553372600181,8.041179744017812,2 < x <= 20,10k < x <= 50k,1
27,246,925051.672642,4908.53400469,25.297894027826004,55.389347231579706,Sector 2,AL QUSAIS IND. THIRD,القصيص الصناعية الثالثة,2335.0,2559.0,2710.0,2929.566077384722,5.900742477530296,2 < x <= 20,1000 < x <= 10k,1
28,251,9350317.47587,12975.6480441,25.22296403623005,55.4218526266515,Sector 2,MURDAF,مردف,57668.0,60288.0,64355.0,6882.654002506165,6.745952760084917,2 < x <= 20,1000 < x <= 10k,1
29,357,1892794.5565,5986.16903086,25.159577629522552,55.22543412044793,Sector 3,AL SAFFA SECOND,الصفا الثانية,5643.0,6247.0,6679.0,3528.644974735271,6.915319353289573,2 < x <= 20,1000 < x <= 10k,1
30,226,2563983.9655,7385.43737699,25.271602422213803,55.36286357146612,Sector 2,AL TWAR FIRST,الطوار الأولى,10250.0,10957.0,11509.0,4488.717618698384,5.037875330838726,2 < x <= 20,1000 < x <= 10k,1
31,227,1110878.3395,4566.490443399999,25.26141690350875,55.38191977891579,Sector 2,AL TWAR SECOND,الطوار الثانية,4378.0,4577.0,4835.0,4352.411806117496,5.6368800524361,2 < x <= 20,1000 < x <= 10k,1
32,674,4176691.0287,8305.54742589,25.04687362448803,55.23756738382698,Sector 6,AL HEBIAH FIRST,الحبيه الأولى,8561.0,9672.0,10598.0,2537.415367135414,9.574028122415212,2 < x <= 20,1000 < x <= 10k,1
33,261,4973393.311000001,9272.09210084,25.244437087412482,55.41711299408254,Sector 2,MUHAISANAH FIRST,محيصنة الأولى,7023.0,7375.0,8091.0,1626.8570559470072,9.708474576271175,2 < x <= 20,1000 < x <= 10k,1
34,322,882341.245,4265.57638551,25.242551333888894,55.27917268125226,Sector 3,AL HUDAIBA,الحضيبة,12164.0,13034.0,14191.0,16083.346528813803,8.87678379622525,2 < x <= 20,10k < x <= 50k,1
35,731,34653078.9574,24244.6217879,25.059722055099005,55.60839214373789,Sector 7,LEHBAB FIRST,لهباب الأولى,2806.0,2921.0,3197.0,92.25731439131748,9.4488188976378,2 < x <= 20,10 < x <1000,1
36,847,35161166.3898,26547.1832778,24.86608368501615,55.59839342929889,Sector 8,UMM ESELAY,أم السلي,182.0,187.0,204.0,5.801855312148545,9.090909090909083,2 < x <= 20,0< x <= 10 ,1
37,118,747248.209,3795.1749341,25.272188796036144,55.3102201109891,Sector 1,NAIF,نايف,47497.0,48804.0,50090.0,67032.61298816977,2.635029915580689,2 < x <= 20, > 50k,1
38,511,23846527.606,24601.2216786,24.95659212885005,55.0213282216751,Sector 5,HESSYAN FIRST,حصيان الاولى,3231.0,3300.0,3492.0,146.43641446234636,5.818181818181811,2 < x <= 20,10 < x <1000,1
39,811,10441916.8509,15457.628060299998,25.152845776580747,55.46361845119055,Sector 8,WARSAN THIRD,ورسان الثالثة,13260.0,13316.0,13579.0,1300.4317304853478,1.975067587864232,-2 < x <=2,1000 < x <= 10k,1
40,266,2426490.143,6192.19181398,25.264136016176835,55.464280221327094,Sector 2,OUD AL MUTEEN SECOND ,عود المطينة الثانية ,4780.0,5047.0,5506.0,2269.1211072436654,9.094511591044174,2 < x <= 20,1000 < x <= 10k,1
41,115,73089.6975235,1397.45141963,25.269250288342427,55.30227890921035,Sector 1,AL SABKHA,السبخة,3750.0,3861.0,3969.0,54303.138944088205,2.7972027972027913,2 < x <= 20, > 50k,1
42,521,141835173.57299998,49060.5322731,24.90563693456137,55.15445662727495,Sector 5,MADINAT AL MATAAR,مدينة المطار,2183.0,2183.0,2697.0,19.015029432116872,23.545579477782862,20 < x <= 100,10 < x <1000,1
43,215,3646885.8155,7916.000112999999,25.23021001986388,55.368244115872116,Sector 2,UM RAMOOL,ام رمول,2829.0,3545.0,2935.0,804.7962421871445,-17.20733427362482,-20< x <= -2 ,10 < x <1000,1
44,283,10519148.5736,13392.0095017,25.21097947878715,55.53734573944228,Sector 2,AL AYAS,العياص,1690.0,1706.0,1757.0,167.02872743993353,2.9894490035170085,2 < x <= 20,10 < x <1000,1
45,369,4689056.9365,8718.60800086,25.116064362470656,55.23313467247366,Sector 3,AL GOZE IND. FOURTH ,القوز الصناعية الرابعة ,38240.0,38280.0,38079.0,8120.822697542862,-0.5250783699059514,-2 < x <=2,1000 < x <= 10k,1
46,324,795645.972999,4051.71075523,25.23442687328821,55.29699494362937,Sector 3,AL KIFAF,الكفاف,2.0,2.0,2.0,2.5136807925533406,0.0,-2 < x <=2,0< x <= 10 ,1
47,231,1696333.8623600001,7263.66566496,25.29015944157323,55.36426152433569,Sector 2,AL NAHDA FIRST,النهدة الأولى,23760.0,29011.0,31449.0,18539.3929213009,8.40370893798903,2 < x <= 20,10k < x <= 50k,1
48,119,654291.39101,3702.84455002,25.26695014795661,55.310716227939814,Sector 1,AL REGA,الرقة,9976.0,10279.0,10480.0,16017.328279105886,1.9554431364918745,-2 < x <=2,10k < x <= 50k,1
49,367,1847928.47344,5469.96326248,25.13136563746466,55.20449973712785,Sector 3,UM AL SHEIF,ام الشيف,3946.0,4097.0,4367.0,2363.1867048785916,6.5901879423968746,2 < x <= 20,1000 < x <= 10k,1
50,116,173100.0775,1686.75970564,25.274221658311586,55.303951755243226,Sector 1,AYAL NASIR,عيال ناصر,18512.0,18925.0,19280.0,111380.65492778302,1.8758256274768792,-2 < x <=2, > 50k,1
51,831,62307557.0067,39399.834321300004,25.027683651157915,55.56188494252486,Sector 8,LEHBAB SECOND,لهباب الثانية,1264.0,1363.0,1511.0,24.250669944217528,10.858400586940565,2 < x <= 20,10 < x <1000,1
52,317,1960287.9319999998,5810.5450137,25.249051047302352,55.294919143063744,Sector 3,AL MANKHOOL,المنخول,36808.0,37400.0,40091.0,20451.587415067555,7.195187165775407,2 < x <= 20,10k < x <= 50k,1
53,664,7811939.7189,13382.279683399998,25.051177997118288,55.2717241415596,Sector 6,WADI AL SAFA 6 (ARABIAN RANCHES),وادي الصفا 6 (المرابع العربية),12380.0,16179.0,18213.0,2331.4312008752386,12.571852401260886,2 < x <= 20,1000 < x <= 10k,1
54,735,15458746.5814,17454.2439879,25.070311906414,55.645756361452754,Sector 7,AL MERYAL,المريال,718.0,727.0,754.0,48.774976420611914,3.7138927097661645,2 < x <= 20,10 < x <1000,1
55,813,7485660.499739999,11694.680450799999,25.105291961139503,55.39808446614008,Sector 8,AL ROWAIYAH SECOND,الرويه الثانية,25.0,25.0,25.0,3.3397186528654794,0.0,-2 < x <=2,0< x <= 10 ,1
56,922,14349077.2492,16427.2421787,24.997130709029147,55.2901316086453,Sector 9,AL YALAYIS 2,اليلايس 2,217.0,217.0,1364.0,95.05837736541886,528.5714285714286, > 100,10 < x <1000,1
57,242,1437921.9045,5287.92130151,25.28668888290523,55.386574853717,Sector 2,AL QUSAIS IND. FIRST,القصيص الصناعية الأولى,8181.0,8362.0,9369.0,6515.652881202771,12.042573546998337,2 < x <= 20,1000 < x <= 10k,1
58,512,51898450.1316,41905.7022796,24.93162186177311,54.94820308454422,Sector 5,HESSYAN SECOND,حصيان الثانية,45.0,45.0,45.0,0.8670779163133494,0.0,-2 < x <=2,0< x <= 10 ,1
59,133,1377275.1565,4804.76205035,25.282602238762852,55.347374526209094,Sector 1,HOR AL ANZ EAST,هور العنز شرق,19961.0,20847.0,21218.0,15405.781408212019,1.7796325610399677,-2 < x <=2,10k < x <= 50k,1
60,111,611325.1339029999,3960.31529984,25.277837157981683,55.30255685689298,Sector 1,AL CORNICHE,الكورنيش,1550.0,1655.0,1735.0,2838.096953290482,4.8338368580060465,2 < x <= 20,1000 < x <= 10k,1
61,645,30192055.8013,29186.4146517,25.10811460152823,55.31549372007481,Sector 6,WADI AL SAFA 3,وادي الصفا 3,4895.0,9599.0,9764.0,323.3963286322353,1.718929055109908,-2 < x <=2,10 < x <1000,1
62,368,4402947.392,8766.27347181,25.125754536447676,55.21798387584786,Sector 3,AL GOZE IND. THIRD ,القوز الصناعية الثالثة ,23995.0,25360.0,26656.0,6054.126390070663,5.110410094637219,2 < x <= 20,1000 < x <= 10k,1
63,971,190161473.462,68235.0122663,24.736513821938814,55.420800784145214,Sector 9,SAIH AL DAHAL,سيح الدحل,16.0,16.0,16.0,0.08413901990088062,0.0,-2 < x <=2,0< x <= 10 ,1
64,617,6169341.6421,10239.581805,25.136203182072805,55.36420889065845,Sector 6,NAD AL SHIBBA FOURTH,ند الشبا الرابعة,2525.0,3505.0,3685.0,597.3084672201186,5.1355206847360835,2 < x <= 20,10 < x <1000,1
65,643,10531420.0915,13742.5327314,25.10044847275232,55.35289987571095,Sector 6,WADI AL SAFA 2,وادي الصفا 2,7865.0,9623.0,10519.0,998.8206631781763,9.311025667671213,2 < x <= 20,10 < x <1000,1
66,891,128751709.74200001,53110.4733717,24.81021325439707,56.13918037702839,Sector 8,HATTA,حتا,12769.0,13295.0,14045.0,109.08593002876754,5.641218503196699,2 < x <= 20,10 < x <1000,1
67,366,2605935.23264,8209.10763688,25.138900227682253,55.193551716589425,Sector 3,UM SUQAIM THIRD,ام سقيم الثالثة,6806.0,7021.0,7520.0,2885.7202227477073,7.107249679532823,2 < x <= 20,1000 < x <= 10k,1
68,941,91826478.8812,41094.5229103,24.855344455914864,55.514949491449954,Sector 9,GRAYTEESAH,قريطيسه,55.0,55.0,55.0,0.5989557769187246,0.0,-2 < x <=2,0< x <= 10 ,1
69,355,5324591.09775,9575.22812838,25.150970364664346,55.271131354242286,Sector 3,AL GOZE SECOND,القوز الثانية,4463.0,4551.0,5240.0,984.1131279008927,15.13952977367612,2 < x <= 20,10 < x <1000,1
70,923,12340311.9043,16043.272398899999,24.97341888812417,55.34571461438204,Sector 9,AL YALAYIS 3,اليلايس 3,4.0,4.0,4.0,0.3241409156446195,0.0,-2 < x <=2,0< x <= 10 ,1
71,502,124735324.01,49534.3111447,24.989467989214358,54.90485047873428,Sector 5,AL WAJEHAH AL BHARIYAH,الواجهة البحرية,4.0,4.0,4.0,0.032067900827189265,0.0,-2 < x <=2,0< x <= 10 ,1
72,861,76472908.38,37281.559311000005,24.764473462984448,55.67104849881567,Sector 8,YARAAH,يراح,88.0,94.0,94.0,1.2291934750657905,0.0,-2 < x <=2,0< x <= 10 ,1
73,319,1515958.3365,5255.198421600001,25.23759763419334,55.312227103650386,Sector 3,OUD METHA,عود ميثاء,13364.0,13616.0,14901.0,9829.425810212562,9.43742655699178,2 < x <= 20,1000 < x <= 10k,1
74,244,1753300.7565,5783.03483409,25.271802551224013,55.4042750072505,Sector 2,MUHAISANAH THIRD,محيصنة الثالثة,5950.0,6129.0,6493.0,3703.3007462801493,5.938978626203295,2 < x <= 20,1000 < x <= 10k,1
75,626,9804465.2285,13833.158974099999,25.124325353925425,55.386268264952506,Sector 6,NADD HESSA,ند حصة,34074.0,35361.0,38494.0,3926.1702808740806,8.860043550804564,2 < x <= 20,1000 < x <= 10k,1
76,302,990538.9212620001,8026.36895076,25.215839919611913,55.23358222609772,Sector 3,JUMEIRA BAY,شاطئ جميرا,20.0,39.0,39.0,39.37250638300198,0.0,-2 < x <=2,10 < x <1000,1
77,621,8426532.67816,11420.0158654,25.16521045611041,55.409833079665184,Sector 6,WARSAN FIRST,ورسان الأولى,94460.0,97159.0,106072.0,12587.85838152848,9.173622618594269,2 < x <= 20,10k < x <= 50k,1
78,682,9145533.766730001,12792.8661567,25.031898465217573,55.21960996296431,Sector 6,AL HEBIAH FOURTH,الحبيه الرابعة,13422.0,18789.0,20611.0,2253.66835066309,9.697163233807004,2 < x <= 20,1000 < x <= 10k,1
79,388,3842456.33894,8778.52119434,25.085130469004913,55.16612470037834,Sector 3,AL THANYAH THIRD (EMIRATE HILLS SECOND),الثنيه الثالثة (تلال الامارات الثانية),12025.0,17737.0,21442.0,5580.284617083014,20.888538084230703,20 < x <= 100,1000 < x <= 10k,1
80,384,6228059.32645,10798.3735952,25.080095478819214,55.190708337052286,Sector 3,AL THANYAH SECOND (JEBEL ALI HORSE RACING),الثنيه الثانية (مضمار جبل علي),115.0,115.0,115.0,18.46482089719433,0.0,-2 < x <=2,10 < x <1000,1
81,532,16041464.7557,17134.596055200003,24.84614962643613,55.07807342495038,Sector 5,SAIH SHUAIB 3,سيح شعيب 3,11144.0,11144.0,11144.0,694.69965303762,0.0,-2 < x <=2,10 < x <1000,1
82,675,3261042.68008,7575.23809192,25.03483450172325,55.245752008937046,Sector 6,AL HEBIAH SECOND,الحبيه الثانية,817.0,1032.0,1523.0,467.02853946169074,47.57751937984496,20 < x <= 100,10 < x <1000,1
83,362,3190130.12461,9506.62161332,25.15139263453343,55.20282879461221,Sector 3,UM SUQAIM SECOND,ام سقيم الثانية,11012.0,11456.0,12325.0,3863.4787668753033,7.585544692737423,2 < x <= 20,1000 < x <= 10k,1
84,268,1369803.48,5370.23639675,25.274573445375786,55.44841835507439,Sector 2,OUD AL MUTEEN THIRD ,عود المطينة الثالثة,6110.0,6344.0,6679.0,4875.88190387719,5.280580075662034,2 < x <= 20,1000 < x <= 10k,1
85,956,82256581.7113,35222.9690834,24.804128498505158,55.44939930841297,Sector 9,AL HATHMAH,الحثمة,35.0,35.0,35.0,0.42549786621137786,0.0,-2 < x <=2,0< x <= 10 ,1
86,824,35222549.9119,25862.296833,25.060217958940253,55.4574348917082,Sector 8,UMM AL DAMAN,أم الدمن,48.0,258.0,283.0,8.034625565379296,9.689922480620151,2 < x <= 20,0< x <= 10 ,1
87,975,58948906.1738,34673.310750699995,24.67757782168623,55.35049871778347,Sector 9,AL O'SHOOSH,العشوش,0.0,0.0,0.0,0.0,0.0,-2 < x <=2, x = 0,1
88,988,36997664.9578,24917.1345591,24.750236846298538,55.15620204362926,Sector 9,AL LAYAN 2,الليان 2,0.0,0.0,0.0,0.0,0.0,-2 < x <=2, x = 0,1
89,241,2211570.57,5984.62489457,25.290805442303103,55.3777430820606,Sector 2,AL NAHDA SECOND,النهدة الثانية,54678.0,56489.0,61936.0,28005.436878281485,9.642585282090321,2 < x <= 20,10k < x <= 50k,1
90,646,6854488.88007,12609.9513807,25.076772059343114,55.31787605928044,Sector 6,WADI AL SAFA 4,وادي الصفا 4,2.0,2.0,2.0,0.2917795965524384,0.0,-2 < x <=2,0< x <= 10 ,1
91,978,69543181.4311,36734.7572076,24.66047858790748,55.42137392809671,Sector 9,SAIH SHUA'ALAH,سيح شعيله,3.0,3.0,3.0,0.04313866490235645,0.0,-2 < x <=2,0< x <= 10 ,1
92,214,4042863.6180000002,9214.88108067,25.24247054399423,55.35037842810525,Sector 2,AL GARHOUD,القرهود,17254.0,18424.0,18535.0,4584.621632418371,0.6024750325662076,-2 < x <=2,1000 < x <= 10k,1
93,981,139912555.95,49720.1863631,24.797000892740137,55.21366792810152,Sector 9,MUGATRAH,مقطره,804.0,804.0,804.0,5.746446375315467,0.0,-2 < x <=2,0< x <= 10 ,1
94,724,44497971.6994,26462.9437086,25.112201855652014,55.56833177702232,Sector 7,ENKHALI,نخلي,24.0,26.0,26.0,0.584296295023051,0.0,-2 < x <=2,0< x <= 10 ,1
95,394,11078799.9249,15108.0888646,25.06303047717405,55.17395787530367,Sector 3,AL THANYAH FOURTH (EMIRATE HILLS THIRD) ,الثنيه الرابعة (تلال الامارات الثالثة) ,17260.0,23488.0,27728.0,2502.7981539480934,18.051771117166204,2 < x <= 20,1000 < x <= 10k,1
96,616,6320420.2495,9742.20627617,25.15437523524973,55.37566462903919,Sector 6,NAD AL SHIBBA THIRD,ند الشبا الثالثة,94.0,137.0,767.0,121.35269012541949,459.8540145985401, > 100,10 < x <1000,1
97,352,3442745.1803599996,9482.04390321,25.182763965846906,55.22887077151125,Sector 3,JUMEIRA THIRD,جميرا الثالثة,11560.0,12493.0,13417.0,3897.180679110563,7.39614183943007,2 < x <= 20,1000 < x <= 10k,1
98,356,2813891.33122,7381.07465803,25.165990160979447,55.2162509166806,Sector 3,UM SUQAIM FIRST,ام سقيم الأولى,10743.0,10867.0,11718.0,4164.339919594374,7.8310481273580645,2 < x <= 20,1000 < x <= 10k,1
99,313,827901.6608640001,3797.76473153,25.260410111688568,55.30372630220169,Sector 3,AL HAMRIYA,الحمرية,31957.0,33421.0,36738.0,44374.83548669312,9.924897519523658,2 < x <= 20,10k < x <= 50k,1
100,919,11784792.769000001,14299.1045949,24.96644174983876,55.38972997508228,Sector 9,AL YUFRAH 4,اليفره 4,3.0,3.0,3.0,0.2545653588318944,0.0,-2 < x <=2,0< x <= 10 ,1
101,323,1669479.4215,5220.96603607,25.237634589195828,55.28685117633989,Sector 3,AL JAFLIYA,الجافلية,21072.0,21957.0,23963.0,14353.57614559252,9.136038620940923,2 < x <= 20,10k < x <= 50k,1
102,422,3563435.0165,7438.39297234,25.20285815125784,55.40894495970106,Sector 4,AL WARQAA  SECOND,الورقاء الثانية,9760.0,10237.0,10689.0,2999.633766437733,4.415356061346087,2 < x <= 20,1000 < x <= 10k,1
103,243,1728332.8155,6052.3652815,25.281653928751663,55.39318418144651,Sector 2,AL QUSAIS IND. SECOND,القصيص الصناعية الثانية,7875.0,8063.0,8834.0,5111.284077218865,9.562197693166308,2 < x <= 20,1000 < x <= 10k,1
104,991,143566502.005,51721.211182499996,24.69323690908779,55.24913951876538,Sector 9,HEFAIR,حفير,0.0,0.0,0.0,0.0,0.0,-2 < x <=2, x = 0,1
105,648,16319666.8572,22350.6627618,25.077813653036753,55.35215431815531,Sector 6,WADI AL SAFA 5,وادي الصفا 5,15903.0,19550.0,21241.0,1301.5584316679099,8.64961636828645,2 < x <= 20,1000 < x <= 10k,1
106,359,2238882.568,5987.09223021,25.15148111657184,55.254207927714965,Sector 3,AL GOZE FOURTH,القوز الرابعة,17251.0,21788.0,22718.0,10147.026165956553,4.268404626399858,2 < x <= 20,10k < x <= 50k,1
107,845,41733960.0894,34853.4645531,24.918946892346515,55.65920944721685,Sector 8,AL MAHA,المها,168.0,175.0,193.0,4.624531187228984,10.285714285714276,2 < x <= 20,0< x <= 10 ,1
108,124,1505474.7765,4867.41504145,25.265541274593378,55.32315234162383,Sector 1,AL MURQABAT,المرقبات,68058.0,68717.0,69771.0,46344.84820941801,1.5338271461210473,-2 < x <=2,10k < x <= 50k,1
109,594,34842363.7324,53063.034141100004,24.986435765843307,55.06295248642717,Sector 5,MENA JABAL ALI,ميناء جبل علي,28600.0,28600.0,24487.0,702.7938801186866,-14.381118881118882,-20< x <= -2 ,10 < x <1000,1
110,531,22279220.8746,19362.1472713,24.869946601727573,55.05891053676095,Sector 5,SAIH SHUAIB 2,سيح شعيب 2,13420.0,13665.0,14491.0,650.4266949712248,6.044639590193923,2 < x <= 20,10 < x <1000,1
111,951,88690423.3337,42842.713290499996,24.87304335470945,55.3786120990227,Sector 9,SAIH AL SALAM,سيح السلم,589.0,589.0,607.0,6.8440309244679876,3.056027164685915,2 < x <= 20,0< x <= 10 ,1
112,913,15289681.7783,18436.7860307,25.03109830482727,55.420205143103544,Sector 9,UMM NAHAD THIRD,أم نهد الثالثة,2329.0,2329.0,1347.0,88.0986288355419,-42.16401889222843, x <= -20,10 < x <1000,1
113,921,17795916.9415,17470.9032612,25.01789354651752,55.309760200784766,Sector 9,AL YALAYIS 1,اليلايس 1,0.0,0.0,1114.0,62.59862886874668,99999.0, > 100,10 < x <1000,1
114,101,99617653.635,43895.4066745,25.338911611952394,55.26261953434848,Sector 1,NAKHLAT DEIRA,نخلة ديرة,2.0,2.0,2.0,0.02007676277267098,0.0,-2 < x <=2,0< x <= 10 ,1
115,513,41613301.4166,28211.0043291,24.897900980770498,55.00296889372624,Sector 5,SAIH SHUAIB 1,سيح شعيب 1,9.0,9.0,9.0,0.21627700022882113,0.0,-2 < x <=2,0< x <= 10 ,1
116,911,14127046.5755,15579.5718399,25.064940850742758,55.385619221275654,Sector 9,UMM NAHAD FIRST,أم نهد الأولى,8.0,8.0,8.0,0.5662896315408272,0.0,-2 < x <=2,0< x <= 10 ,1
117,912,8523799.066739999,14403.5447479,25.05605924871969,55.3381461737325,Sector 9,UMM NAHAD SECOND,أم نهد الثانية,2.0,2.0,2.0,0.23463715936289867,0.0,-2 < x <=2,0< x <= 10 ,1
118,814,59997992.6011,36114.1289693,25.11627716054616,55.46798769214438,Sector 8,AL ROWAIYAH THIRD,الرويه الثالثة,3800.0,4036.0,4429.0,73.81913640755373,9.737363726461833,2 < x <= 20,10 < x <1000,1
119,392,8881162.51242,13683.350335799998,25.084750818943014,55.135081834781396,Sector 3,MARSA DUBAI (AL MINA AL SEYAHI) ,مرسى دبي (الميناء السياحي) ,52917.0,55052.0,61047.0,6873.762293464158,10.889704279590195,2 < x <= 20,1000 < x <= 10k,1
120,381,26741803.4319,22589.3826318,25.12067940828584,55.12856163397336,Sector 3,NAKHLAT JUMEIRA ,نخلة جميرا ,12711.0,22333.0,24448.0,914.2240560648297,9.47029060135225,2 < x <= 20,10 < x <1000,1
121,112,302711.324699,2712.99214762,25.26901102850375,55.29562583473755,Sector 1,AL RASS,الرأس,6621.0,7314.0,7460.0,24643.940914393694,1.9961717254580291,-2 < x <=2,10k < x <= 50k,1
122,113,176578.55202,1733.79033017,25.27262648415689,55.30003546533408,Sector 1,AL DHAGAYA,الضغاية,14963.0,15453.0,15899.0,90039.24779153934,2.886170970038182,2 < x <= 20, > 50k,1
123,416,8312233.5865,12989.912852299998,25.19777788066031,55.386297340726344,Sector 4,NAD AL HAMAR,ند الحمر,13013.0,13589.0,14216.0,1710.2503018067705,4.614026050482001,2 < x <= 20,1000 < x <= 10k,1
124,967,70858924.2794,33492.8989064,24.806269117795612,55.323227417095254,Sector 9,GHADEER BARASHY,غدير براشي,7.0,7.0,7.0,0.09878783895164252,0.0,-2 < x <=2,0< x <= 10 ,1
125,987,28336104.5162,21453.7602442,24.793423118833218,55.12179581907812,Sector 9,AL LAYAN 1,الليان 1,10.0,10.0,10.0,0.35290665992154685,0.0,-2 < x <=2,0< x <= 10 ,1
126,228,2967446.3710000003,6813.56925271,25.24954080621591,55.39587739812208,Sector 2,AL TWAR THIRD,الطوار الثالثة,9851.0,10217.0,10655.0,3590.62933845351,4.2869726925712115,2 < x <= 20,1000 < x <= 10k,1
127,683,8093323.53263,11621.0727302,25.00775674169941,55.23871433946884,Sector 6,AL HEBIAH FIFTH,الحبيه الخامسة,5949.0,8919.0,9748.0,1204.4495639768768,9.294763986994049,2 < x <= 20,1000 < x <= 10k,1
128,857,34633828.8366,24347.0074851,24.81078200677259,55.608821083217705,Sector 8,MARGAB,مرقب,539.0,570.0,628.0,18.132560594523362,10.175438596491237,2 < x <= 20,10 < x <1000,1
129,851,82867940.6307,36841.28565,24.83811756171844,55.671146229269866,Sector 8,REMAH,رماح,232.0,232.0,232.0,2.7996351572667315,0.0,-2 < x <=2,0< x <= 10 ,1
130,233,1791180.188,5345.32662446,25.269362123399556,55.387207900415795,Sector 2,AL QUSAIS SECOND,القصيص الثانية,11144.0,11442.0,12473.0,6963.565186552856,9.010662471595875,2 < x <= 20,1000 < x <= 10k,1
131,924,13235536.979,14984.512959900001,24.96585085347894,55.32006244858411,Sector 9,AL YALAYIS 4,اليلايس 4,8.0,8.0,8.0,0.6044333533798516,0.0,-2 < x <=2,0< x <= 10 ,1
132,613,4173756.228,8234.96044565,25.17752503179924,55.35751136724246,Sector 6,RAS AL KHOR IND. SECOND,رأس الخور الصناعية الثانية,2097.0,2352.0,2514.0,602.3351299567081,6.887755102040827,2 < x <= 20,10 < x <1000,1
133,114,147788.087322,1571.08872108,25.268688816400644,55.2997463399181,Sector 1,AL BUTEEN,البطين,2563.0,2766.0,2841.0,19223.470927058162,2.711496746203901,2 < x <= 20,10k < x <= 50k,1
134,431,10541064.6533,13832.635909999999,25.176204521804948,55.484036991528654,Sector 4,WADI ALSHABAK ,وادي الشبك ,50.0,55.0,55.0,5.21768927608101,0.0,-2 < x <=2,0< x <= 10 ,1
135,665,8407907.41113,12827.3568919,25.039820218627852,55.285584544136476,Sector 6,WADI AL SAFA 7,وادي الصفا 7 ,6492.0,7740.0,8473.0,1007.7418298854997,9.47028423772609,2 < x <= 20,1000 < x <= 10k,1
136,373,3954266.2810000004,9408.60209789,25.111030625085498,55.19497811257674,Sector 3,AL BARSHAA FIRST,البرشاء الأولى,33345.0,35469.0,39451.0,9976.819262162378,11.22670501000873,2 < x <= 20,1000 < x <= 10k,1
137,345,2660075.4591900003,6788.52186503,25.19516818186388,55.27571206284586,Sector 3,BURJ KHALIFA,برج خليفة,13201.0,18698.0,20477.0,7697.901925772924,9.514386565408062,2 < x <= 20,1000 < x <= 10k,1
138,346,6586257.00525,12890.667813600001,25.183161529377433,55.27074463038903,Sector 3,AL KALIJ AL TEJARI,الخليج التجاري,14935.0,19715.0,21179.0,3215.6352209028455,7.4258179051483575,2 < x <= 20,1000 < x <= 10k,1
139,325,4120079.3465,8793.46450571,25.223655837447005,55.30538572056361,Sector 3,ZAABEEL FIRST,زعبيل الأولى,2861.0,3062.0,3260.0,791.246897409722,6.466361854996738,2 < x <= 20,10 < x <1000,1
140,686,10430083.9815,15227.3447856,24.99629333657001,55.218464085836686,Sector 6,ME'AISEM SECOND,معيصم الثانية,11.0,11.0,12.0,1.1505180611474064,9.090909090909083,2 < x <= 20,0< x <= 10 ,1
141,671,5900197.1915,11324.767355,25.086661354166623,55.23095868493998,Sector 6,AL BARSHA SOUTH FIRST,البرشاء جنوب الأولى,11194.0,13267.0,13717.0,2324.8375528467286,3.3918745760156854,2 < x <= 20,1000 < x <= 10k,1
142,248,2395554.953,6652.78840519,25.286586455305546,55.41457191565026,Sector 2,AL QUSAIS IND FIFTH,القصيص الصناعية الخامسة,600.0,1286.0,1613.0,673.3304105505944,25.427682737169512,20 < x <= 100,10 < x <1000,1
143,337,10792102.1947,15494.2797439,25.202565086223537,55.29632261909079,Sector 3,ZAABEEL SECOND,زعبيل الثانية,6806.0,7509.0,8102.0,750.7341807770214,7.8971900386203275,2 < x <= 20,10 < x <1000,1
144,343,4872908.645380001,9605.82182453,25.19639371305704,55.25505369097882,Sector 3,AL WASL,الوصل,10736.0,11156.0,11555.0,2371.2736767505958,3.5765507350304704,2 < x <= 20,1000 < x <= 10k,1
145,835,32691452.4566,24767.184419,24.99114436818488,55.5122297254845,Sector 8,UMM AL MO'MENEEN,أم المؤمنين,294.0,309.0,309.0,9.45201197194335,0.0,-2 < x <=2,0< x <= 10 ,1
146,518,32565002.0182,23489.850178599998,24.95468835857719,55.105032069683546,Sector 5,JABAL ALI INDUSTRIAL SECOND,جبل علي الصناعية الثانية,23000.0,23000.0,23000.0,706.2797044245755,0.0,-2 < x <=2,10 < x <1000,1
147,841,152594542.121,50952.1583284,24.94565033754689,55.588202630842105,Sector 8,MARGHAM,مرغم,888.0,930.0,1005.0,6.586080904539064,8.064516129032251,2 < x <= 20,0< x <= 10 ,1
148,676,4304796.099669999,8650.08138354,25.022449446265377,55.25454674666273,Sector 6,AL HEBIAH THIRD,الحبيه الثالثة,1470.0,6250.0,6845.0,1590.0869266548373,9.519999999999996,2 < x <= 20,1000 < x <= 10k,1
149,421,2356626.8865,6217.99155894,25.18750620032887,55.4028052962689,Sector 4,AL WARQAA FIRST,الورقاء الأولى,16776.0,21696.0,24679.0,10472.17111091039,13.749078171091455,2 < x <= 20,10k < x <= 50k,1
150,961,170670828.433,52428.48285269999,24.891089047021474,55.27569792700118,Sector 9,AL SELAL,الصلال,658.0,660.0,665.0,3.8963893601832376,0.7575757575757569,-2 < x <=2,0< x <= 10 ,1
151,673,3743682.722,8291.53259462,25.060672016813673,55.23651196613646,Sector 6,AL BARSHA SOUTH THIRD,البرشاء جنوب الثالثة,2784.0,4566.0,6929.0,1850.851291238243,51.7520805957074,20 < x <= 100,1000 < x <= 10k,1
152,252,10472738.8101,15015.457239399999,25.2113824484829,55.450032587852974,Sector 2,MUSHRAIF,مشرف,63.0,63.0,67.0,6.397562396513185,6.349206349206349,2 < x <= 20,0< x <= 10 ,1
153,413,7793549.155160001,12420.9268956,25.194005335008654,55.32780247262788,Sector 4,RAS AL KHOR,رأس الخور,2.0,2.0,2.0,0.25662249126584746,0.0,-2 < x <=2,0< x <= 10 ,1
154,262,6864620.9595,10735.8777795,25.244928543425072,55.441639323845045,Sector 2,AL MEZHAR FIRST,المزهر الأولى,15182.0,15806.0,16552.0,2411.203779153103,4.7197266860685705,2 < x <= 20,1000 < x <= 10k,1
155,685,16423985.395,16671.060614899998,25.020491270780578,55.18787818623929,Sector 6,ME'AISEM FIRST,معيصم الأولى,10021.0,17413.0,18002.0,1096.0798836000183,3.3825302934589185,2 < x <= 20,1000 < x <= 10k,1
156,915,17499991.415999997,19106.4038112,25.00241416315309,55.43254840864607,Sector 9,AL YUFRAH 1,اليفره 1,403.0,403.0,403.0,23.02858272442024,0.0,-2 < x <=2,10 < x <1000,1
157,684,2951378.61807,10868.9366587,25.04485704007634,55.18668768869522,Sector 6,AL BARSHA SOUTH FIFTH,البرشاء جنوب الخامسة,5145.0,6753.0,7384.0,2501.88164771236,9.343995261365311,2 < x <= 20,1000 < x <= 10k,1
158,281,16411872.5613,16552.0361657,25.24471505110885,55.48710216165145,Sector 2,AL KHAWANEEJ ONE,الخوانيج الأولى,11169.0,12241.0,12893.0,785.5898193118027,5.326362225308401,2 < x <= 20,10 < x <1000,1
159,375,4946791.4525,10125.6919843,25.09215370710051,55.19869307299563,Sector 3,AL BARSHAA THIRD,البرشاء الثالثة,11680.0,13990.0,14601.0,2951.610178072289,4.3674052894924875,2 < x <= 20,1000 < x <= 10k,1
160,123,1113041.985,4318.7577921,25.27394692437164,55.32282215772934,Sector 1,AL MUTEENA,المطينة,42804.0,43473.0,46185.0,41494.39160644061,6.238354840935756,2 < x <= 20,10k < x <= 50k,1
161,335,834875.9415,7303.94838394,25.218798395174346,55.27891163334001,Sector 3,TRADE CENTER FIRST,المركز التجاري الأولى,14499.0,15355.0,16519.0,19786.173225115028,7.580592640833594,2 < x <= 20,10k < x <= 50k,1
162,232,2731428.711,6803.77605807,25.27807150372436,55.372451948436314,Sector 2,AL QUSAIS FIRST,القصيص الأولى,41225.0,41818.0,45657.0,16715.428016162492,9.180257305466544,2 < x <= 20,10k < x <= 50k,1
163,365,5051233.367,9103.38964403,25.13400298187309,55.24791395555497,Sector 3,AL GOZE IND. SECOND ,القوز الصناعية الثانية ,157966.0,158543.0,159978.0,31671.07681960322,0.9051172237184879,-2 < x <=2,10k < x <= 50k,1
164,424,5145410.9595,9230.89818575,25.18625489068643,55.437426846416685,Sector 4,AL WARQAA FOURTH , الورقاء الرابعة ,11682.0,12910.0,13452.0,2614.368435462575,4.198295894655302,2 < x <= 20,1000 < x <= 10k,1
165,681,6803189.215,10100.3133961,25.058397173521772,55.20884578062583,Sector 6,AL BARSHA SOUTH FOURTH,البرشاء جنوب الرابعة,15214.0,25297.0,25974.0,3817.9152716686567,2.676206664821912,2 < x <= 20,1000 < x <= 10k,1
166,316,1228290.5805,5176.3007187,25.25442202827949,55.28825088515985,Sector 3,AL RAFFA,الرفاعة,41266.0,42904.0,47140.0,38378.540671386356,9.873205295543542,2 < x <= 20,10k < x <= 50k,1
167,221,14180715.881,18275.2777603,25.251902859157077,55.36792018539773,Sector 2,DUBAI  AIRPORT,مطار دبي الدولي,22.0,22.0,22.0,1.5514026361304263,0.0,-2 < x <=2,0< x <= 10 ,1
168,334,2692886.2335,8492.47964949,25.21994963935096,55.273432014635276,Sector 3,AL SATWA,السطوة,40228.0,41048.0,38991.0,14479.260027751929,-5.011206392516076,-20< x <= -2 ,10k < x <= 50k,1
169,611,1745153.07612,5529.75452435,25.176762909538283,55.32584402042914,Sector 6,BU KADRA,بو كدرة,15.0,15.0,16.0,9.168250177556235,6.666666666666665,2 < x <= 20,0< x <= 10 ,1
170,263,4306286.2295,8811.9177295,25.242970699930673,55.46039901798005,Sector 2,AL MEZHAR SECOND,المزهر الثانية,10463.0,10781.0,11317.0,2628.0185284650734,4.9717094889156765,2 < x <= 20,1000 < x <= 10k,1
171,622,8626151.823660001,12691.4816354,25.1586779361202,55.43688729393313,Sector 6,WARSAN SECOND,ورسان الثانية,764.0,1524.0,1568.0,181.77282663855448,2.8871391076115582,2 < x <= 20,10 < x <1000,1
172,382,4279072.41584,9678.808922,25.101707733718747,55.16172702291635,Sector 3,AL SOFOUH SECOND,الصفوح الثانية,5592.0,5592.0,6126.0,1431.6186791612033,9.549356223175964,2 < x <= 20,1000 < x <= 10k,1
173,315,3397079.15447,9197.75642187,25.23642951571652,55.32374054349637,Sector 3,UM HURAIR SECOND,ام هرير الثانية,4579.0,4867.0,5328.0,1568.4061977152414,9.471953975755088,2 < x <= 20,1000 < x <= 10k,1
174,425,4252120.37,8301.73739694,25.18025538034898,55.45388027925236,Sector 4,AL WARQAA FIFTH , الورقاء الخامسة ,60.0,60.0,60.0,14.110607127521181,0.0,-2 < x <=2,10 < x <1000,1
175,326,7240334.25468,13184.2038157,25.21643932604741,55.32768690818115,Sector 3,AL JADAF,الجداف,1053.0,4197.0,5104.0,704.9398301882101,21.610674291160347,20 < x <= 100,10 < x <1000,1
176,597,18774204.2925,17568.8918382,24.974032111476504,55.2104462017768,Sector 5,DUBAI INVESTMENT PARK2,مجمع دبي للإستثمار الثاني,57998.0,59763.0,60630.0,3229.4311415488714,1.4507303850208375,-2 < x <=2,1000 < x <= 10k,1
177,412,6313593.76845,13348.0279967,25.218427518905287,55.359357737384975,Sector 4,AL KHEERAN,الخيران,3687.0,4641.0,4982.0,789.0909967783833,7.347554406377932,2 < x <= 20,10 < x <1000,1
178,264,5577576.8610000005,9912.01660727,25.26424758702673,55.421978562990105,Sector 2,MUHAISANAH SECOND ,محيصنة الثانية ,202918.0,197838.0,196316.0,35197.36345951539,-0.7693163093035693,-2 < x <=2,10k < x <= 50k,1
179,677,3268265.38822,8728.07331555,25.017265391634933,55.26760243239791,Sector 6,AL HEBIAH SIXTH,الحبيه السادسة,0.0,1759.0,2322.0,710.4686199503016,32.006822057987485,20 < x <= 100,10 < x <1000,1
180,304,116673.33601700001,1797.92202689,25.19831729801063,55.2261844567985,Sector 3,JUMEIRA ISLAND 2,جزيرة جميرا 2,3.0,3.0,3.0,25.712815819056395,0.0,-2 < x <=2,10 < x <1000,1
181,314,984710.3912770001,4573.28199772,25.25385241374033,55.31212712712714,Sector 3,UM HURAIR FIRST,ام هرير الأولى,5118.0,5351.0,5856.0,5946.926174309763,9.4374883199402,2 < x <= 20,1000 < x <= 10k,1
182,372,5871946.717540001,10897.518018,25.12044033188613,55.1830275720953,Sector 3,AL SAFOUH FIRST,الصفوح الأولى,3445.0,4112.0,4435.0,755.2861450108668,7.855058365758749,2 < x <= 20,10 < x <1000,1
183,342,3342284.5614,9457.35034016,25.200868374460587,55.2402695080548,Sector 3,JUMEIRA SECOND,جميرا الثانية,8001.0,9380.0,10079.0,3015.60199762828,7.452025586353939,2 < x <= 20,1000 < x <= 10k,1
184,336,1379918.9007700002,8920.12803696,25.21766339099511,55.282700784404994,Sector 3,TRADE CENTER SECOND,المركز التجاري الثانية,11755.0,12155.0,12218.0,8854.143524798674,0.5183052241875874,-2 < x <=2,1000 < x <= 10k,1
185,624,7865352.8044,12740.1077556,25.14292046499517,55.405486978108904,Sector 6,WARSAN FOURTH,ورسان الرابعة,4723.0,8359.0,8994.0,1143.4960673307137,7.5966024644096075,2 < x <= 20,1000 < x <= 10k,1
186,925,25164171.913000003,20113.0846537,24.972204964008757,55.26604093810234,Sector 9,AL YALAYIS 5,اليلايس 5,97.0,100.0,100.0,3.973903864022612,0.0,-2 < x <=2,0< x <= 10 ,1
187,267,1961509.1155,5797.20082872,25.279277870608805,55.43328579398504,Sector 2,MUHAISANAH FIFTH,محصينة الخامسة ,2.0,2.0,2.0,1.0196230974385192,0.0,-2 < x <=2,0< x <= 10 ,1
188,614,5448028.0465,9603.37696726,25.173666959072552,55.38182969953145,Sector 6,RAS AL KHOR IND. THIRD,رأس الخور الصناعية الثالثة,21238.0,21500.0,21834.0,4007.688619376126,1.5534883720930148,-2 < x <=2,1000 < x <= 10k,1
189,598,17167002.8834,16628.1438982,24.98818332963252,55.16507721674868,Sector 5,DUBAI INVESTMENT PARK1,مجمع دبي للإستثمارالاول,67575.0,69000.0,69956.0,4075.026984916828,1.3855072463768048,-2 < x <=2,1000 < x <= 10k,1
190,533,19368410.9563,18196.5821614,24.823718064427265,55.09608000051506,Sector 5,SAIH SHUAIB 4,سيح شعيب 4,11170.0,11170.0,11170.0,576.7122571491448,0.0,-2 < x <=2,10 < x <1000,1
191,826,36413376.7332,30666.9998996,25.034581424030534,55.49441637895008,Sector 8,LE HEMAIRA,الحميرا,51.0,53.0,53.0,1.4555090671301874,0.0,-2 < x <=2,0< x <= 10 ,1
192,363,2194559.62862,6193.80251899,25.14423216723838,55.214494563780576,Sector 3,AL MANARA,المنارة,7342.0,7709.0,8271.0,3768.8654671921736,7.290180308730054,2 < x <= 20,1000 < x <= 10k,1
193,393,9714165.18111,17231.774223900004,25.055814550850023,55.154264529262434,Sector 3,AL THANYAH FIFTH (EMIRATE HILLS FIRST) ,الثنيه الخامسة (تلال الامارات الاولى),28012.0,37067.0,40586.0,4178.02242841442,9.493619661693685,2 < x <= 20,1000 < x <= 10k,1
194,383,1069719.845,4163.72672303,25.098330655281742,55.17585099423646,Sector 3,AL THANYAH FIRST (V. RABIE SAHRA'A),الثنيه الأولى (قرية ربيع الصحراء),20007.0,22638.0,24834.0,23215.424221656842,9.700503578054608,2 < x <= 20,10k < x <= 50k,1
195,213,1092960.7335,4778.47839219,25.216576327409378,55.384216711147296,Sector 2,NAD SHAMMA,ند شما,2790.0,2964.0,3124.0,2858.2911574471486,5.3981106612685625,2 < x <= 20,1000 < x <= 10k,1
196,501,58101543.4134,27733.5251132,25.008927300510354,54.98758825673599,Sector 5,NAKHLAT JABAL ALI,نخلة جبل علي,5.0,5.0,5.0,0.08605623372901393,0.0,-2 < x <=2,0< x <= 10 ,1
197,311,310840.284844,3577.12151134,25.266817771100346,55.289105073477344,Sector 3,AL SHANDAGA,الشندغة,2.0,2.0,2.0,6.434172459350727,0.0,-2 < x <=2,0< x <= 10 ,1
198,591,21323936.1671,19717.7186612,25.033914107916107,55.1332896658809,Sector 5,JABAL ALI FIRST,جبل علي الأولى,67765.0,69115.0,75287.0,3530.6333413320676,8.930044129349636,2 < x <= 20,1000 < x <= 10k,1
199,672,4767353.328,9516.22108021,25.07294707600615,55.23378606002046,Sector 6,AL BARSHA SOUTH SECOND,البرشاء جنوب الثانية,4410.0,7057.0,7509.0,1575.0877863189921,6.404987955221775,2 < x <= 20,1000 < x <= 10k,1
200,347,10355202.6476,14582.052042399999,25.17041080340519,55.29250216913851,Sector 3,AL MERKADH,المركاض,7.0,819.0,1317.0,127.18244585056361,60.80586080586081,20 < x <= 100,10 < x <1000,1
201,916,4331598.8317,8918.65464649,24.990529915711413,55.387667077034294,Sector 9,AL YUFRAH 2,اليفره 2,2.0,2.0,58.0,13.3899749846495,2800.0, > 100,10 < x <1000,1
202,321,22091345.7586,21304.9448646,25.274531182487486,55.26989192393229,Sector 3,MADINAT DUBAI AL MELAHEYAH (AL MINA),مدينه دبي الملاحيه (الميناء),8294.0,14129.0,15172.0,686.784778337628,7.381980324156001,2 < x <= 20,10 < x <1000,1
203,918,11109840.8416,17297.0212197,24.98653979498292,55.36346093712165,Sector 9,AL YUFRAH 3,اليفره 3,4.0,4.0,4.0,0.36004116143791076,0.0,-2 < x <=2,0< x <= 10 ,1
204,312,874944.9831709999,4433.15867152,25.262251050065988,55.29369782222706,Sector 3,AL SUQ AL KABEER,السوق الكبير,44783.0,46929.0,51012.0,58303.09445871773,8.700377165505335,2 < x <= 20, > 50k,1
205,618,21673127.8304,19993.8117592,25.145974182066713,55.31671669226394,Sector 6,NAD AL SHIBBA FIRST,ند الشبا الأولى,3633.0,5485.0,5948.0,274.4412364724295,8.4412032816773,2 < x <= 20,10 < x <1000,1
206,711,39716134.689,35058.0810308,25.199295071803444,55.571625108265685,Sector 7,AL AWEER ONE,العوير الأولى,2983.0,3587.0,4107.0,103.40885466725686,14.496793978254807,2 < x <= 20,10 < x <1000,1
207,265,3628020.7660000003,8689.16453474,25.264007368078413,55.44543437686973,Sector 2,OUD AL MUTEEN FIRST,عود المطينة الأولى,12068.0,12510.0,14672.0,4044.078285741543,17.282174260591532,2 < x <= 20,1000 < x <= 10k,1
208,592,5059596.0639,10664.722518100001,25.05397917886128,55.11528187107477,Sector 5,JABAL ALI  SECOND,جبل علي الثانية,1539.0,1561.0,1570.0,310.30145097982864,0.5765534913517056,-2 < x <=2,10 < x <1000,1
209,423,6220073.248,11601.433887700001,25.19115406509533,55.42195130791831,Sector 4,AL WARQAA THIRD,الورقاء الثالثة,11980.0,14208.0,14728.0,2367.817775254598,3.6599099099099197,2 < x <= 20,1000 < x <= 10k,1
210,415,7334275.12402,11543.4777434,25.19757845369391,55.35767521748997,Sector 4,AL KHAIRAN FIRST,الخيران الأولى,2.0,2.0,587.0,80.03517594773001,29250.0, > 100,10 < x <1000,1
211,917,27326474.0172,24214.0171757,24.975619474474104,55.45176566912071,Sector 9,AL MARMOOM,المرموم,75.0,79.0,94.0,3.4398876320755445,18.98734177215189,2 < x <= 20,0< x <= 10 ,1
212,376,6411368.0465,10209.099291,25.100854397096967,55.21496955495408,Sector 3,AL BAESHAA SECOND,البرشاء الثانية,12800.0,14815.0,15523.0,2421.1681325133236,4.7789402632467,2 < x <= 20,1000 < x <= 10k,1
213,593,365014170.612,122334.492899,25.12625279651073,54.947060105859975,Sector 5,JABAL ALI THIRD,جبل علي الثالثة,1513.0,1513.0,1513.0,4.145044553923023,0.0,-2 < x <=2,0< x <= 10 ,1
214,128,1226749.013,5559.09171857,25.268728879013747,55.3375453170401,Sector 1,AL KHBEESI,الخبيصي,1775.0,1952.0,1992.0,1623.8040372484897,2.049180327868849,2 < x <= 20,1000 < x <= 10k,1
215,117,387711.066,2782.85204781,25.27689263146278,55.30982800574198,Sector 1,AL MURAR,المرر,37371.0,38294.0,38970.0,100512.9938695121,1.7652896015041497,-2 < x <=2, > 50k,1
216,631,38677198.8453,35079.3628178,25.098246398441137,55.2687696967083,Sector 6,HADAEQ SHEIKH MOHAMMED BIN RASHID,حدائق الشيخ محمد بن راشد,51.0,68.0,1563.0,40.411406375411126,2198.529411764706, > 100,10 < x <1000,1
217,131,1150984.31619,5277.18258262,25.3007121182696,55.33339017915333,Sector 1,AL HAMRIYA PORT,ميناء الحمرية,460.0,468.0,481.0,417.9031749035566,2.777777777777768,2 < x <= 20,10 < x <1000,1
218,914,46008453.1147,28727.0025501,25.026537149947814,55.36669087828805,Sector 9,UMM NAHAD FOURTH,أم نهد الرابعة,4.0,4.0,4.0,0.08694054525215007,0.0,-2 < x <=2,0< x <= 10 ,1
219,721,54944834.2494,33677.9952932,25.164395222422772,55.58558308287962,Sector 7,AL AWEER TWO,العوير الثانية,4621.0,4870.0,5236.0,95.29558277004317,7.5154004106776195,2 < x <= 20,10 < x <1000,1
220,364,4825398.4545,8843.46006275,25.14438143561766,55.232023764551506,Sector 3,AL GOZE IND. FIRST ,القوز الصناعية الأولى ,26569.0,26569.0,26075.0,5403.698833550907,-1.8593097218562948,-2 < x <=2,1000 < x <= 10k,1
221,332,9960424.67483,15279.0784101,25.229747463436265,55.25388871626743,Sector 3,JUMEIRA FIRST,جميرا الأولى,17083.0,18843.0,20356.0,2043.6879615624848,8.029506978718892,2 < x <= 20,1000 < x <= 10k,1
222,821,30688142.3777,26755.1135353,25.095226482429428,55.51289656429359,Sector 8,MEREIYEEL,مرييل,1105.0,1119.0,1119.0,36.46359516414191,0.0,-2 < x <=2,10 < x <1000,1
223,129,2702123.3576599997,10392.4906323,25.25100645812056,55.33271844512805,Sector 1,PORT SAEED,بور سعيد,12513.0,13266.0,13551.0,5014.94499190258,2.148349163274532,2 < x <= 20,1000 < x <= 10k,1
224,599,22065249.6621,19668.948471400003,24.999455158928818,55.12351891174232,Sector 5,JABAL ALI INDUSTRIAL FIRST,جبل علي الصناعية الأولى,129239.0,129024.0,128975.0,5845.163865130959,-0.03797743055555802,-2 < x <=2,1000 < x <= 10k,1
225,271,24184196.9742,20723.4293973,25.203260674757427,55.49109670874484,Sector 2,WADI ALAMRADI,وادي العمردي,3120.0,3193.0,3368.0,139.26449588518585,5.480739116818034,2 < x <= 20,10 < x <1000,1
